Name,Factual,Keyword,Paragraph,Grammer error 
R001.pdf,9.794339623,36.5287583,66.54597343,0.924894139
